date(GMT),text,username,user_id,profile_url,profile_pic_url,is_verified,comment_id
"Dec 24th 2019, 10:55:49 am",@_clo_mar_,haiivicky,1176233553,https://www.instagram.com/haiivicky/,https://scontent-ams4-1.cdninstagram.com/v/t51.2885-19/s150x150/79149361_2400053630259070_3907571051311136768_n.jpg?_nc_ht=scontent-ams4-1.cdninstagram.com&_nc_ohc=JGKUo-IAigsAX8JMhCb&oh=625263e4805e3e84c044f761eb92a608&oe=5E9F7926,,1.81E+16
"Dec 24th 2019, 10:55:54 am",@chlo3v,haiivicky,1176233553,https://www.instagram.com/haiivicky/,https://scontent-ams4-1.cdninstagram.com/v/t51.2885-19/s150x150/79149361_2400053630259070_3907571051311136768_n.jpg?_nc_ht=scontent-ams4-1.cdninstagram.com&_nc_ohc=JGKUo-IAigsAX8JMhCb&oh=625263e4805e3e84c044f761eb92a608&oe=5E9F7926,,1.80E+16
"Dec 24th 2019, 10:56:01 am",@yx.voong,haiivicky,1176233553,https://www.instagram.com/haiivicky/,https://scontent-ams4-1.cdninstagram.com/v/t51.2885-19/s150x150/79149361_2400053630259070_3907571051311136768_n.jpg?_nc_ht=scontent-ams4-1.cdninstagram.com&_nc_ohc=JGKUo-IAigsAX8JMhCb&oh=625263e4805e3e84c044f761eb92a608&oe=5E9F7926,,1.81E+16
"Dec 24th 2019, 10:56:08 am",@_vtwy,haiivicky,1176233553,https://www.instagram.com/haiivicky/,https://scontent-ams4-1.cdninstagram.com/v/t51.2885-19/s150x150/79149361_2400053630259070_3907571051311136768_n.jpg?_nc_ht=scontent-ams4-1.cdninstagram.com&_nc_ohc=JGKUo-IAigsAX8JMhCb&oh=625263e4805e3e84c044f761eb92a608&oe=5E9F7926,,1.79E+16
"Dec 24th 2019, 10:56:12 am",@kitho_0115,haiivicky,1176233553,https://www.instagram.com/haiivicky/,https://scontent-ams4-1.cdninstagram.com/v/t51.2885-19/s150x150/79149361_2400053630259070_3907571051311136768_n.jpg?_nc_ht=scontent-ams4-1.cdninstagram.com&_nc_ohc=JGKUo-IAigsAX8JMhCb&oh=625263e4805e3e84c044f761eb92a608&oe=5E9F7926,,1.81E+16
"Dec 24th 2019, 10:56:25 am",@thxkobi,haiivicky,1176233553,https://www.instagram.com/haiivicky/,https://scontent-ams4-1.cdninstagram.com/v/t51.2885-19/s150x150/79149361_2400053630259070_3907571051311136768_n.jpg?_nc_ht=scontent-ams4-1.cdninstagram.com&_nc_ohc=JGKUo-IAigsAX8JMhCb&oh=625263e4805e3e84c044f761eb92a608&oe=5E9F7926,,1.79E+16
"Dec 24th 2019, 10:56:33 am",@morgan_ky,haiivicky,1176233553,https://www.instagram.com/haiivicky/,https://scontent-ams4-1.cdninstagram.com/v/t51.2885-19/s150x150/79149361_2400053630259070_3907571051311136768_n.jpg?_nc_ht=scontent-ams4-1.cdninstagram.com&_nc_ohc=JGKUo-IAigsAX8JMhCb&oh=625263e4805e3e84c044f761eb92a608&oe=5E9F7926,,1.78E+16
"Dec 24th 2019, 10:56:52 am",@narcy_22,haiivicky,1176233553,https://www.instagram.com/haiivicky/,https://scontent-ams4-1.cdninstagram.com/v/t51.2885-19/s150x150/79149361_2400053630259070_3907571051311136768_n.jpg?_nc_ht=scontent-ams4-1.cdninstagram.com&_nc_ohc=JGKUo-IAigsAX8JMhCb&oh=625263e4805e3e84c044f761eb92a608&oe=5E9F7926,,1.79E+16
"Dec 24th 2019, 10:57:03 am",@tto0kii,haiivicky,1176233553,https://www.instagram.com/haiivicky/,https://scontent-ams4-1.cdninstagram.com/v/t51.2885-19/s150x150/79149361_2400053630259070_3907571051311136768_n.jpg?_nc_ht=scontent-ams4-1.cdninstagram.com&_nc_ohc=JGKUo-IAigsAX8JMhCb&oh=625263e4805e3e84c044f761eb92a608&oe=5E9F7926,,1.79E+16
"Dec 24th 2019, 10:57:40 am",@_laleia_,haiivicky,1176233553,https://www.instagram.com/haiivicky/,https://scontent-ams4-1.cdninstagram.com/v/t51.2885-19/s150x150/79149361_2400053630259070_3907571051311136768_n.jpg?_nc_ht=scontent-ams4-1.cdninstagram.com&_nc_ohc=JGKUo-IAigsAX8JMhCb&oh=625263e4805e3e84c044f761eb92a608&oe=5E9F7926,,1.78E+16
"Dec 24th 2019, 10:57:48 am",@zoe.l.w,haiivicky,1176233553,https://www.instagram.com/haiivicky/,https://scontent-ams4-1.cdninstagram.com/v/t51.2885-19/s150x150/79149361_2400053630259070_3907571051311136768_n.jpg?_nc_ht=scontent-ams4-1.cdninstagram.com&_nc_ohc=JGKUo-IAigsAX8JMhCb&oh=625263e4805e3e84c044f761eb92a608&oe=5E9F7926,,1.79E+16
,@e1,haiivicky,1176233553,,,,
,@e2,haiivicky,1176233553,,,,
,@e3,haiivicky,1176233553,,,,
,@e4,haiivicky,1176233553,,,,
,@e5,haiivicky,1176233553,,,,
"Dec 24th 2019, 10:58:58 am",@baby_peachi,haiivicky,1176233553,https://www.instagram.com/haiivicky/,https://scontent-ams4-1.cdninstagram.com/v/t51.2885-19/s150x150/79149361_2400053630259070_3907571051311136768_n.jpg?_nc_ht=scontent-ams4-1.cdninstagram.com&_nc_ohc=JGKUo-IAigsAX8JMhCb&oh=625263e4805e3e84c044f761eb92a608&oe=5E9F7926,,1.81E+16
"Dec 24th 2019, 10:59:07 am",@marikalss,haiivicky,1176233553,https://www.instagram.com/haiivicky/,https://scontent-ams4-1.cdninstagram.com/v/t51.2885-19/s150x150/79149361_2400053630259070_3907571051311136768_n.jpg?_nc_ht=scontent-ams4-1.cdninstagram.com&_nc_ohc=JGKUo-IAigsAX8JMhCb&oh=625263e4805e3e84c044f761eb92a608&oe=5E9F7926,,1.79E+16
"Dec 24th 2019, 11:07:52 am",@haiivicky I wish I could eat that,_clo_mar_,3564580217,https://www.instagram.com/_clo_mar_/,https://scontent-ams4-1.cdninstagram.com/v/t51.2885-19/s150x150/72483636_641629909700372_1863670817510916096_n.jpg?_nc_ht=scontent-ams4-1.cdninstagram.com&_nc_ohc=7NCJA9xA8h4AX8oFDOB&oh=7d5b5006eff2c3e66193ed24a9297d37&oe=5E91EC9A,,1.81E+16
"Dec 24th 2019, 11:09:13 am",@itomtomfood thank you!!!,haiivicky,1176233553,https://www.instagram.com/haiivicky/,https://scontent-ams4-1.cdninstagram.com/v/t51.2885-19/s150x150/79149361_2400053630259070_3907571051311136768_n.jpg?_nc_ht=scontent-ams4-1.cdninstagram.com&_nc_ohc=JGKUo-IAigsAX8JMhCb&oh=625263e4805e3e84c044f761eb92a608&oe=5E9F7926,,1.79E+16
"Dec 24th 2019, 11:23:01 am",@haiivicky yoo girl treat me,narcy_22,574431198,https://www.instagram.com/narcy_22/,https://scontent-ams4-1.cdninstagram.com/v/t51.2885-19/s150x150/71802370_3744307382262268_4789216176620175360_n.jpg?_nc_ht=scontent-ams4-1.cdninstagram.com&_nc_ohc=eCYtr-ZBhhoAX-_zRUx&oh=e66b37632bc9dc1672fb15cc20a293b3&oe=5EA40F80,,1.79E+16
"Dec 24th 2019, 12:18:02 pm",@dlau88,mindingmaiself,20071676375,https://www.instagram.com/mindingmaiself/,https://scontent-ams4-1.cdninstagram.com/v/t51.2885-19/s150x150/71696536_708737762952084_7150680713124118528_n.jpg?_nc_ht=scontent-ams4-1.cdninstagram.com&_nc_ohc=1a1-cX5qT7IAX8p-HfR&oh=810e3e22fc45b19a3cab3b4f066c67ad&oe=5E9C6D10,,1.79E+16
"Dec 24th 2019, 12:18:06 pm",@brunchbunnyy,mindingmaiself,20071676375,https://www.instagram.com/mindingmaiself/,https://scontent-ams4-1.cdninstagram.com/v/t51.2885-19/s150x150/71696536_708737762952084_7150680713124118528_n.jpg?_nc_ht=scontent-ams4-1.cdninstagram.com&_nc_ohc=1a1-cX5qT7IAX8p-HfR&oh=810e3e22fc45b19a3cab3b4f066c67ad&oe=5E9C6D10,,1.80E+16
"Dec 24th 2019, 12:18:12 pm",@fotoflo,mindingmaiself,20071676375,https://www.instagram.com/mindingmaiself/,https://scontent-ams4-1.cdninstagram.com/v/t51.2885-19/s150x150/71696536_708737762952084_7150680713124118528_n.jpg?_nc_ht=scontent-ams4-1.cdninstagram.com&_nc_ohc=1a1-cX5qT7IAX8p-HfR&oh=810e3e22fc45b19a3cab3b4f066c67ad&oe=5E9C6D10,,1.78E+16
"Dec 24th 2019, 12:18:17 pm",@kazyo_,mindingmaiself,20071676375,https://www.instagram.com/mindingmaiself/,https://scontent-ams4-1.cdninstagram.com/v/t51.2885-19/s150x150/71696536_708737762952084_7150680713124118528_n.jpg?_nc_ht=scontent-ams4-1.cdninstagram.com&_nc_ohc=1a1-cX5qT7IAX8p-HfR&oh=810e3e22fc45b19a3cab3b4f066c67ad&oe=5E9C6D10,,1.79E+16
"Dec 24th 2019, 12:18:24 pm",@a.balogun13,mindingmaiself,20071676375,https://www.instagram.com/mindingmaiself/,https://scontent-ams4-1.cdninstagram.com/v/t51.2885-19/s150x150/71696536_708737762952084_7150680713124118528_n.jpg?_nc_ht=scontent-ams4-1.cdninstagram.com&_nc_ohc=1a1-cX5qT7IAX8p-HfR&oh=810e3e22fc45b19a3cab3b4f066c67ad&oe=5E9C6D10,,1.80E+16
,@e1,mindingmaiself,20071676375,,,,
,@e2,mindingmaiself,20071676375,,,,
,@e3,mindingmaiself,20071676375,,,,
,@e4,mindingmaiself,20071676375,,,,
,@e5,mindingmaiself,20071676375,,,,
"Dec 24th 2019, 12:19:03 pm",@jphnguyen,mindingmaiself,20071676375,https://www.instagram.com/mindingmaiself/,https://scontent-ams4-1.cdninstagram.com/v/t51.2885-19/s150x150/71696536_708737762952084_7150680713124118528_n.jpg?_nc_ht=scontent-ams4-1.cdninstagram.com&_nc_ohc=1a1-cX5qT7IAX8p-HfR&oh=810e3e22fc45b19a3cab3b4f066c67ad&oe=5E9C6D10,,1.79E+16
"Dec 24th 2019, 12:19:56 pm",@tientvu,mindingmaiself,20071676375,https://www.instagram.com/mindingmaiself/,https://scontent-ams4-1.cdninstagram.com/v/t51.2885-19/s150x150/71696536_708737762952084_7150680713124118528_n.jpg?_nc_ht=scontent-ams4-1.cdninstagram.com&_nc_ohc=1a1-cX5qT7IAX8p-HfR&oh=810e3e22fc45b19a3cab3b4f066c67ad&oe=5E9C6D10,,1.78E+16
"Dec 24th 2019, 12:24:06 pm",@mindingmaiself,jphnguyen,30896099,https://www.instagram.com/jphnguyen/,https://scontent-ams4-1.cdninstagram.com/v/t51.2885-19/s150x150/75580724_840871273039622_8408032462042562560_n.jpg?_nc_ht=scontent-ams4-1.cdninstagram.com&_nc_ohc=py3MhuuQFMMAX_34aJ4&oh=dc7b43c5b924f7a0cc8dd8170726567e&oe=5EAC7A23,,1.81E+16
"Dec 24th 2019, 12:29:18 pm",@leeann.shek,annmariesfooddiary,5354908163,https://www.instagram.com/annmariesfooddiary/,https://scontent-ams4-1.cdninstagram.com/v/t51.2885-19/s150x150/73533248_419892882028213_3542622075237695488_n.jpg?_nc_ht=scontent-ams4-1.cdninstagram.com&_nc_ohc=68RrlUaOK4AAX_H3mCJ&oh=a3bf5e32554de9923eb4079b27615430&oe=5EA8788F,,1.79E+16
"Dec 24th 2019, 12:29:24 pm",@mynextlocationis,annmariesfooddiary,5354908163,https://www.instagram.com/annmariesfooddiary/,https://scontent-ams4-1.cdninstagram.com/v/t51.2885-19/s150x150/73533248_419892882028213_3542622075237695488_n.jpg?_nc_ht=scontent-ams4-1.cdninstagram.com&_nc_ohc=68RrlUaOK4AAX_H3mCJ&oh=a3bf5e32554de9923eb4079b27615430&oe=5EA8788F,,1.78E+16
"Dec 24th 2019, 12:29:32 pm",@bio.chem.ist,annmariesfooddiary,5354908163,https://www.instagram.com/annmariesfooddiary/,https://scontent-ams4-1.cdninstagram.com/v/t51.2885-19/s150x150/73533248_419892882028213_3542622075237695488_n.jpg?_nc_ht=scontent-ams4-1.cdninstagram.com&_nc_ohc=68RrlUaOK4AAX_H3mCJ&oh=a3bf5e32554de9923eb4079b27615430&oe=5EA8788F,,1.79E+16
"Dec 24th 2019, 12:29:45 pm",@wheresmykanken,annmariesfooddiary,5354908163,https://www.instagram.com/annmariesfooddiary/,https://scontent-ams4-1.cdninstagram.com/v/t51.2885-19/s150x150/73533248_419892882028213_3542622075237695488_n.jpg?_nc_ht=scontent-ams4-1.cdninstagram.com&_nc_ohc=68RrlUaOK4AAX_H3mCJ&oh=a3bf5e32554de9923eb4079b27615430&oe=5EA8788F,,1.78E+16
"Dec 24th 2019, 2:14:58 pm",@matt_eats_out,ldn_eats,13018429599,https://www.instagram.com/ldn_eats/,https://scontent-ams4-1.cdninstagram.com/v/t51.2885-19/s150x150/58019634_423798478184572_3557129632949993472_n.jpg?_nc_ht=scontent-ams4-1.cdninstagram.com&_nc_ohc=awZcTIsw00UAX-62kDs&oh=7b9b248d19e82fc2a38549b50e646eae&oe=5EB1DC24,,1.78E+16
"Dec 24th 2019, 2:15:01 pm",@supreme_tate,ldn_eats,13018429599,https://www.instagram.com/ldn_eats/,https://scontent-ams4-1.cdninstagram.com/v/t51.2885-19/s150x150/58019634_423798478184572_3557129632949993472_n.jpg?_nc_ht=scontent-ams4-1.cdninstagram.com&_nc_ohc=awZcTIsw00UAX-62kDs&oh=7b9b248d19e82fc2a38549b50e646eae&oe=5EB1DC24,,1.78E+16
"Dec 24th 2019, 2:15:08 pm",@suidkwan,ldn_eats,13018429599,https://www.instagram.com/ldn_eats/,https://scontent-ams4-1.cdninstagram.com/v/t51.2885-19/s150x150/58019634_423798478184572_3557129632949993472_n.jpg?_nc_ht=scontent-ams4-1.cdninstagram.com&_nc_ohc=awZcTIsw00UAX-62kDs&oh=7b9b248d19e82fc2a38549b50e646eae&oe=5EB1DC24,,1.79E+16
"Dec 24th 2019, 2:15:10 pm",@amaturehomecrafts,ldn_eats,13018429599,https://www.instagram.com/ldn_eats/,https://scontent-ams4-1.cdninstagram.com/v/t51.2885-19/s150x150/58019634_423798478184572_3557129632949993472_n.jpg?_nc_ht=scontent-ams4-1.cdninstagram.com&_nc_ohc=awZcTIsw00UAX-62kDs&oh=7b9b248d19e82fc2a38549b50e646eae&oe=5EB1DC24,,1.78E+16
"Dec 24th 2019, 2:15:13 pm",@francy.almighty,ldn_eats,13018429599,https://www.instagram.com/ldn_eats/,https://scontent-ams4-1.cdninstagram.com/v/t51.2885-19/s150x150/58019634_423798478184572_3557129632949993472_n.jpg?_nc_ht=scontent-ams4-1.cdninstagram.com&_nc_ohc=awZcTIsw00UAX-62kDs&oh=7b9b248d19e82fc2a38549b50e646eae&oe=5EB1DC24,,1.78E+16
"Dec 24th 2019, 2:15:16 pm",@nmpw.x,ldn_eats,13018429599,https://www.instagram.com/ldn_eats/,https://scontent-ams4-1.cdninstagram.com/v/t51.2885-19/s150x150/58019634_423798478184572_3557129632949993472_n.jpg?_nc_ht=scontent-ams4-1.cdninstagram.com&_nc_ohc=awZcTIsw00UAX-62kDs&oh=7b9b248d19e82fc2a38549b50e646eae&oe=5EB1DC24,,1.79E+16
"Dec 24th 2019, 2:29:13 pm",@ldn_eats @leahpowellwilliams @supreme_tate @matts_home_eats,matt_eats_out,882166326,https://www.instagram.com/matt_eats_out/,https://scontent-ams4-1.cdninstagram.com/v/t51.2885-19/s150x150/73137155_791662521277934_2619034004417937408_n.jpg?_nc_ht=scontent-ams4-1.cdninstagram.com&_nc_ohc=KBI8jS54ixgAX8_Mu_O&oh=9ac6c0368f434d47ef307c62d6bebae5&oe=5EA09801,,1.79E+16
"Dec 24th 2019, 3:08:50 pm",@mariolase,truffleandegg,12555110585,https://www.instagram.com/truffleandegg/,https://scontent-ams4-1.cdninstagram.com/v/t51.2885-19/s150x150/56468365_2343620675881181_2705009538762801152_n.jpg?_nc_ht=scontent-ams4-1.cdninstagram.com&_nc_ohc=lDhmp0tacb4AX-Qzwxf&oh=c6a84fcf0bee65698806127890de42c8&oe=5E8DC219,,1.81E+16
"Dec 24th 2019, 3:08:59 pm",@martalebru,truffleandegg,12555110585,https://www.instagram.com/truffleandegg/,https://scontent-ams4-1.cdninstagram.com/v/t51.2885-19/s150x150/56468365_2343620675881181_2705009538762801152_n.jpg?_nc_ht=scontent-ams4-1.cdninstagram.com&_nc_ohc=lDhmp0tacb4AX-Qzwxf&oh=c6a84fcf0bee65698806127890de42c8&oe=5E8DC219,,1.79E+16
"Dec 24th 2019, 3:34:02 pm",@sammywayhow come visit I take you,earthtokam,247262824,https://www.instagram.com/earthtokam/,https://scontent-ams4-1.cdninstagram.com/v/t51.2885-19/s150x150/66809264_2420270098011855_1468193072163586048_n.jpg?_nc_ht=scontent-ams4-1.cdninstagram.com&_nc_ohc=gTHGopExNlgAX9ENoNZ&oh=2d6af3b0910868907f438bc63897a8d0&oe=5E9FDEF6,,1.78E+16
"Dec 24th 2019, 4:03:35 pm",@itomtomfood thank you!!,earthtokam,247262824,https://www.instagram.com/earthtokam/,https://scontent-ams4-1.cdninstagram.com/v/t51.2885-19/s150x150/66809264_2420270098011855_1468193072163586048_n.jpg?_nc_ht=scontent-ams4-1.cdninstagram.com&_nc_ohc=gTHGopExNlgAX9ENoNZ&oh=2d6af3b0910868907f438bc63897a8d0&oe=5E9FDEF6,,1.79E+16
"Dec 24th 2019, 4:18:10 pm",@anna._.banananaa,ashleydiabate_,8555964893,https://www.instagram.com/ashleydiabate_/,https://scontent-ams4-1.cdninstagram.com/v/t51.2885-19/s150x150/56963303_464316180975089_8622260087827726336_n.jpg?_nc_ht=scontent-ams4-1.cdninstagram.com&_nc_ohc=3Kcrn9BIHDIAX-3dpi5&oh=7b61164df10cd90f71263dcbdba47972&oe=5E93FBCE,,1.78E+16
"Dec 24th 2019, 4:19:30 pm",@itomtomfood,ashleydiabate_,8555964893,https://www.instagram.com/ashleydiabate_/,https://scontent-ams4-1.cdninstagram.com/v/t51.2885-19/s150x150/56963303_464316180975089_8622260087827726336_n.jpg?_nc_ht=scontent-ams4-1.cdninstagram.com&_nc_ohc=3Kcrn9BIHDIAX-3dpi5&oh=7b61164df10cd90f71263dcbdba47972&oe=5E93FBCE,,1.79E+16
"Dec 21st 2019, 11:33:26 am",@lmswsadia,cgvong,2044291380,https://www.instagram.com/cgvong/,https://scontent-ams4-1.cdninstagram.com/v/t51.2885-19/s150x150/66818289_2096596790635171_1320184637967826944_n.jpg?_nc_ht=scontent-ams4-1.cdninstagram.com&_nc_ohc=4QEfk0yLqwsAX-Lc9Ou&oh=79372d6025061686431c4f58e3dbc267&oe=5E964B16,,1.78E+16
"Dec 21st 2019, 11:33:46 am",@leyen,cgvong,2044291380,https://www.instagram.com/cgvong/,https://scontent-ams4-1.cdninstagram.com/v/t51.2885-19/s150x150/66818289_2096596790635171_1320184637967826944_n.jpg?_nc_ht=scontent-ams4-1.cdninstagram.com&_nc_ohc=4QEfk0yLqwsAX-Lc9Ou&oh=79372d6025061686431c4f58e3dbc267&oe=5E964B16,,1.81E+16
"Dec 21st 2019, 11:34:32 am",@sm1thy83,cgvong,2044291380,https://www.instagram.com/cgvong/,https://scontent-ams4-1.cdninstagram.com/v/t51.2885-19/s150x150/66818289_2096596790635171_1320184637967826944_n.jpg?_nc_ht=scontent-ams4-1.cdninstagram.com&_nc_ohc=4QEfk0yLqwsAX-Lc9Ou&oh=79372d6025061686431c4f58e3dbc267&oe=5E964B16,,1.78E+16
"Dec 21st 2019, 11:34:58 am",@mushnoms,cgvong,2044291380,https://www.instagram.com/cgvong/,https://scontent-ams4-1.cdninstagram.com/v/t51.2885-19/s150x150/66818289_2096596790635171_1320184637967826944_n.jpg?_nc_ht=scontent-ams4-1.cdninstagram.com&_nc_ohc=4QEfk0yLqwsAX-Lc9Ou&oh=79372d6025061686431c4f58e3dbc267&oe=5E964B16,,1.79E+16
"Dec 21st 2019, 3:18:31 pm",@jasg.jasg,finishedwithamint,4688726171,https://www.instagram.com/finishedwithamint/,https://scontent-ams4-1.cdninstagram.com/v/t51.2885-19/s150x150/67117267_821310474936011_288478500707368960_n.jpg?_nc_ht=scontent-ams4-1.cdninstagram.com&_nc_ohc=Mx5GScjvfEsAX9tA1RW&oh=b94778085e5e430748c450eda1b0b6f7&oe=5E997B55,,1.79E+16
"Dec 21st 2019, 3:18:36 pm",@littlegirlbigappetite.co.uk,finishedwithamint,4688726171,https://www.instagram.com/finishedwithamint/,https://scontent-ams4-1.cdninstagram.com/v/t51.2885-19/s150x150/67117267_821310474936011_288478500707368960_n.jpg?_nc_ht=scontent-ams4-1.cdninstagram.com&_nc_ohc=Mx5GScjvfEsAX9tA1RW&oh=b94778085e5e430748c450eda1b0b6f7&oe=5E997B55,,1.79E+16
"Dec 21st 2019, 3:19:17 pm",@josephinewynnewilliams,finishedwithamint,4688726171,https://www.instagram.com/finishedwithamint/,https://scontent-ams4-1.cdninstagram.com/v/t51.2885-19/s150x150/67117267_821310474936011_288478500707368960_n.jpg?_nc_ht=scontent-ams4-1.cdninstagram.com&_nc_ohc=Mx5GScjvfEsAX9tA1RW&oh=b94778085e5e430748c450eda1b0b6f7&oe=5E997B55,,1.79E+16
"Dec 21st 2019, 3:35:18 pm",@finishedwithamint,littlegirlbigappetite.co.uk,8073125709,https://www.instagram.com/littlegirlbigappetite.co.uk/,https://scontent-ams4-1.cdninstagram.com/v/t51.2885-19/s150x150/45383870_190050848603304_1958775395037741056_n.jpg?_nc_ht=scontent-ams4-1.cdninstagram.com&_nc_ohc=9gWnq2To5OAAX-TBfrY&oh=c3371a183811a5e70c329dc2181e599c&oe=5E95B485,,1.78E+16
"Dec 21st 2019, 5:50:30 pm",@gabrinatiwana,foodielondon17,5735082971,https://www.instagram.com/foodielondon17/,https://scontent-ams4-1.cdninstagram.com/v/t51.2885-19/s150x150/20346939_140742056510221_4423623977654550528_a.jpg?_nc_ht=scontent-ams4-1.cdninstagram.com&_nc_ohc=XztfBZ4rnkMAX_8cbfN&oh=a213c752d46789cb3a53fa124057e147&oe=5EB250EF,,1.78E+16
"Dec 21st 2019, 5:50:32 pm",@Flo.cy,foodielondon17,5735082971,https://www.instagram.com/foodielondon17/,https://scontent-ams4-1.cdninstagram.com/v/t51.2885-19/s150x150/20346939_140742056510221_4423623977654550528_a.jpg?_nc_ht=scontent-ams4-1.cdninstagram.com&_nc_ohc=XztfBZ4rnkMAX_8cbfN&oh=a213c752d46789cb3a53fa124057e147&oe=5EB250EF,,1.79E+16
"Dec 21st 2019, 5:50:36 pm",@londoner_eats,foodielondon17,5735082971,https://www.instagram.com/foodielondon17/,https://scontent-ams4-1.cdninstagram.com/v/t51.2885-19/s150x150/20346939_140742056510221_4423623977654550528_a.jpg?_nc_ht=scontent-ams4-1.cdninstagram.com&_nc_ohc=XztfBZ4rnkMAX_8cbfN&oh=a213c752d46789cb3a53fa124057e147&oe=5EB250EF,,1.79E+16
"Dec 21st 2019, 5:50:39 pm",@gabsandtonic,foodielondon17,5735082971,https://www.instagram.com/foodielondon17/,https://scontent-ams4-1.cdninstagram.com/v/t51.2885-19/s150x150/20346939_140742056510221_4423623977654550528_a.jpg?_nc_ht=scontent-ams4-1.cdninstagram.com&_nc_ohc=XztfBZ4rnkMAX_8cbfN&oh=a213c752d46789cb3a53fa124057e147&oe=5EB250EF,,1.78E+16
"Dec 21st 2019, 6:31:18 pm",@olirahman88 hahaa,cgvong,2044291380,https://www.instagram.com/cgvong/,https://scontent-ams4-1.cdninstagram.com/v/t51.2885-19/s150x150/66818289_2096596790635171_1320184637967826944_n.jpg?_nc_ht=scontent-ams4-1.cdninstagram.com&_nc_ohc=4QEfk0yLqwsAX-Lc9Ou&oh=79372d6025061686431c4f58e3dbc267&oe=5E964B16,,1.79E+16
"Dec 21st 2019, 6:35:45 pm",@cgvong is it vegan? X,leyen,3573287,https://www.instagram.com/leyen/,https://scontent-ams4-1.cdninstagram.com/v/t51.2885-19/s150x150/20225951_342115959557433_638673675708530688_a.jpg?_nc_ht=scontent-ams4-1.cdninstagram.com&_nc_ohc=sECeEGWK0OQAX9kGs6Y&oh=9860f4eae2d10da8e22bb1c008772b7f&oe=5E9BA9D3,,1.80E+16
"Dec 22nd 2019, 1:49:53 am",@daniczek,klaudia_anna,270972618,https://www.instagram.com/klaudia_anna/,https://scontent-ams4-1.cdninstagram.com/v/t51.2885-19/s150x150/37181954_271359463444081_7804771268430921728_n.jpg?_nc_ht=scontent-ams4-1.cdninstagram.com&_nc_ohc=8jkHdveudEYAX_GClSZ&oh=bb9ea1137d454d3012a12aeba862aa46&oe=5EAD9778,,1.79E+16
"Dec 22nd 2019, 2:36:58 pm",@klaudia_anna,daniczek,385878318,https://www.instagram.com/daniczek/,https://scontent-ams4-1.cdninstagram.com/v/t51.2885-19/s150x150/25026317_391737014612686_4026718396199469056_n.jpg?_nc_ht=scontent-ams4-1.cdninstagram.com&_nc_ohc=zwdCd3UV7DUAX9P1LMF&oh=ed6554dbaae1407045899327c930b94f&oe=5EA9ACAE,,1.79E+16
"Dec 22nd 2019, 2:37:02 pm",@nikolaniki88,daniczek,385878318,https://www.instagram.com/daniczek/,https://scontent-ams4-1.cdninstagram.com/v/t51.2885-19/s150x150/25026317_391737014612686_4026718396199469056_n.jpg?_nc_ht=scontent-ams4-1.cdninstagram.com&_nc_ohc=zwdCd3UV7DUAX9P1LMF&oh=ed6554dbaae1407045899327c930b94f&oe=5EA9ACAE,,1.78E+16
"Dec 22nd 2019, 2:37:06 pm",@gosia_galat,daniczek,385878318,https://www.instagram.com/daniczek/,https://scontent-ams4-1.cdninstagram.com/v/t51.2885-19/s150x150/25026317_391737014612686_4026718396199469056_n.jpg?_nc_ht=scontent-ams4-1.cdninstagram.com&_nc_ohc=zwdCd3UV7DUAX9P1LMF&oh=ed6554dbaae1407045899327c930b94f&oe=5EA9ACAE,,1.78E+16
"Dec 22nd 2019, 7:07:46 pm",@steph.tml,carbspholife,3435835536,https://www.instagram.com/carbspholife/,https://scontent-ams4-1.cdninstagram.com/v/t51.2885-19/s150x150/15337184_665034807002231_4491119642114260992_a.jpg?_nc_ht=scontent-ams4-1.cdninstagram.com&_nc_ohc=8rzSNDcw4acAX-3g0xF&oh=514431ad19e588aef18b9c8f3f91e189&oe=5EA039BD,,1.78E+16
"Dec 22nd 2019, 7:07:52 pm",@lilo.and.dish,carbspholife,3435835536,https://www.instagram.com/carbspholife/,https://scontent-ams4-1.cdninstagram.com/v/t51.2885-19/s150x150/15337184_665034807002231_4491119642114260992_a.jpg?_nc_ht=scontent-ams4-1.cdninstagram.com&_nc_ohc=8rzSNDcw4acAX-3g0xF&oh=514431ad19e588aef18b9c8f3f91e189&oe=5EA039BD,,1.79E+16
"Dec 22nd 2019, 7:07:58 pm",@ansonwongac,carbspholife,3435835536,https://www.instagram.com/carbspholife/,https://scontent-ams4-1.cdninstagram.com/v/t51.2885-19/s150x150/15337184_665034807002231_4491119642114260992_a.jpg?_nc_ht=scontent-ams4-1.cdninstagram.com&_nc_ohc=8rzSNDcw4acAX-3g0xF&oh=514431ad19e588aef18b9c8f3f91e189&oe=5EA039BD,,1.78E+16
"Dec 22nd 2019, 7:08:07 pm",@ansonwongux,carbspholife,3435835536,https://www.instagram.com/carbspholife/,https://scontent-ams4-1.cdninstagram.com/v/t51.2885-19/s150x150/15337184_665034807002231_4491119642114260992_a.jpg?_nc_ht=scontent-ams4-1.cdninstagram.com&_nc_ohc=8rzSNDcw4acAX-3g0xF&oh=514431ad19e588aef18b9c8f3f91e189&oe=5EA039BD,,1.81E+16
"Dec 23rd 2019, 11:36:38 am",@cgvong,nicholasheung,1451603434,https://www.instagram.com/nicholasheung/,https://scontent-ams4-1.cdninstagram.com/v/t51.2885-19/914425_692722084153312_748681535_a.jpg?_nc_ht=scontent-ams4-1.cdninstagram.com&_nc_ohc=0bVjAF9UpwsAX9P418I&oh=469de6c9957d78d26cac76e19b770906&oe=5EA7E48E,,1.78E+16
"Dec 23rd 2019, 12:39:18 pm",@fingolian,grumblingguts,8681339875,https://www.instagram.com/grumblingguts/,https://scontent-ams4-1.cdninstagram.com/v/t51.2885-19/s150x150/68959723_402889397037227_5003222100488486912_n.jpg?_nc_ht=scontent-ams4-1.cdninstagram.com&_nc_ohc=DfMnP9qv-gwAX94nLww&oh=0879090e8cb5c76efef62283f546ae3d&oe=5EAB4AAA,,1.79E+16
"Dec 23rd 2019, 12:40:31 pm",@bangingbites,grumblingguts,8681339875,https://www.instagram.com/grumblingguts/,https://scontent-ams4-1.cdninstagram.com/v/t51.2885-19/s150x150/68959723_402889397037227_5003222100488486912_n.jpg?_nc_ht=scontent-ams4-1.cdninstagram.com&_nc_ohc=DfMnP9qv-gwAX94nLww&oh=0879090e8cb5c76efef62283f546ae3d&oe=5EAB4AAA,,1.78E+16
,@e1,grumblingguts,8681339875,,,,
,@e2,grumblingguts,8681339875,,,,
,@e3,grumblingguts,8681339875,,,,
,@e4,grumblingguts,8681339875,,,,
,@e5,grumblingguts,8681339875,,,,
"Dec 23rd 2019, 12:42:21 pm",@andyvas92,grumblingguts,8681339875,https://www.instagram.com/grumblingguts/,https://scontent-ams4-1.cdninstagram.com/v/t51.2885-19/s150x150/68959723_402889397037227_5003222100488486912_n.jpg?_nc_ht=scontent-ams4-1.cdninstagram.com&_nc_ohc=DfMnP9qv-gwAX94nLww&oh=0879090e8cb5c76efef62283f546ae3d&oe=5EAB4AAA,,1.78E+16
"Dec 23rd 2019, 8:45:43 pm",@sharmilax,halaldiningbham,202360826,https://www.instagram.com/halaldiningbham/,https://scontent-ams4-1.cdninstagram.com/v/t51.2885-19/s150x150/68890905_2666146043476416_6831295653524537344_n.jpg?_nc_ht=scontent-ams4-1.cdninstagram.com&_nc_ohc=Sx7XP2Pm_w0AX-MWpnI&oh=f187ff2ab6b4bab21ae0c584ee1bb635&oe=5E9AF37C,,1.81E+16
"Dec 23rd 2019, 8:45:46 pm",@_sumayyahx,halaldiningbham,202360826,https://www.instagram.com/halaldiningbham/,https://scontent-ams4-1.cdninstagram.com/v/t51.2885-19/s150x150/68890905_2666146043476416_6831295653524537344_n.jpg?_nc_ht=scontent-ams4-1.cdninstagram.com&_nc_ohc=Sx7XP2Pm_w0AX-MWpnI&oh=f187ff2ab6b4bab21ae0c584ee1bb635&oe=5E9AF37C,,1.78E+16
"Dec 23rd 2019, 8:45:51 pm",@foody_marwady,halaldiningbham,202360826,https://www.instagram.com/halaldiningbham/,https://scontent-ams4-1.cdninstagram.com/v/t51.2885-19/s150x150/68890905_2666146043476416_6831295653524537344_n.jpg?_nc_ht=scontent-ams4-1.cdninstagram.com&_nc_ohc=Sx7XP2Pm_w0AX-MWpnI&oh=f187ff2ab6b4bab21ae0c584ee1bb635&oe=5E9AF37C,,1.78E+16
"Dec 23rd 2019, 8:45:53 pm",@p3ppy_p0pc0rn_,halaldiningbham,202360826,https://www.instagram.com/halaldiningbham/,https://scontent-ams4-1.cdninstagram.com/v/t51.2885-19/s150x150/68890905_2666146043476416_6831295653524537344_n.jpg?_nc_ht=scontent-ams4-1.cdninstagram.com&_nc_ohc=Sx7XP2Pm_w0AX-MWpnI&oh=f187ff2ab6b4bab21ae0c584ee1bb635&oe=5E9AF37C,,1.79E+16
"Dec 23rd 2019, 8:45:56 pm",@halalgrammers,halaldiningbham,202360826,https://www.instagram.com/halaldiningbham/,https://scontent-ams4-1.cdninstagram.com/v/t51.2885-19/s150x150/68890905_2666146043476416_6831295653524537344_n.jpg?_nc_ht=scontent-ams4-1.cdninstagram.com&_nc_ohc=Sx7XP2Pm_w0AX-MWpnI&oh=f187ff2ab6b4bab21ae0c584ee1bb635&oe=5E9AF37C,,1.78E+16
"Dec 23rd 2019, 8:46:01 pm",@halal_food_travel_guy,halaldiningbham,202360826,https://www.instagram.com/halaldiningbham/,https://scontent-ams4-1.cdninstagram.com/v/t51.2885-19/s150x150/68890905_2666146043476416_6831295653524537344_n.jpg?_nc_ht=scontent-ams4-1.cdninstagram.com&_nc_ohc=Sx7XP2Pm_w0AX-MWpnI&oh=f187ff2ab6b4bab21ae0c584ee1bb635&oe=5E9AF37C,,1.80E+16
"Dec 24th 2019, 9:25:23 am",@outandaboutlondon_,servedinlondon,11426977982,https://www.instagram.com/servedinlondon/,https://scontent-ams4-1.cdninstagram.com/v/t51.2885-19/s150x150/53243906_697200170696263_698319716204150784_n.jpg?_nc_ht=scontent-ams4-1.cdninstagram.com&_nc_ohc=zspyslMSYt4AX-MiJJD&oh=400d67763dad86c3149885cf4a0ef976&oe=5E901A55,,1.81E+16
"Dec 24th 2019, 9:25:32 am",@itomtomfood,servedinlondon,11426977982,https://www.instagram.com/servedinlondon/,https://scontent-ams4-1.cdninstagram.com/v/t51.2885-19/s150x150/53243906_697200170696263_698319716204150784_n.jpg?_nc_ht=scontent-ams4-1.cdninstagram.com&_nc_ohc=zspyslMSYt4AX-MiJJD&oh=400d67763dad86c3149885cf4a0ef976&oe=5E901A55,,1.79E+16
"Dec 24th 2019, 9:25:35 am",@teagmc_,servedinlondon,11426977982,https://www.instagram.com/servedinlondon/,https://scontent-ams4-1.cdninstagram.com/v/t51.2885-19/s150x150/53243906_697200170696263_698319716204150784_n.jpg?_nc_ht=scontent-ams4-1.cdninstagram.com&_nc_ohc=zspyslMSYt4AX-MiJJD&oh=400d67763dad86c3149885cf4a0ef976&oe=5E901A55,,1.79E+16
"Dec 24th 2019, 9:27:54 am",@whatchewlookingat,servedinlondon,11426977982,https://www.instagram.com/servedinlondon/,https://scontent-ams4-1.cdninstagram.com/v/t51.2885-19/s150x150/53243906_697200170696263_698319716204150784_n.jpg?_nc_ht=scontent-ams4-1.cdninstagram.com&_nc_ohc=zspyslMSYt4AX-MiJJD&oh=400d67763dad86c3149885cf4a0ef976&oe=5E901A55,,1.81E+16
"Dec 24th 2019, 9:33:31 am",@servedinlondon omg,outandaboutlondon_,4964139876,https://www.instagram.com/outandaboutlondon_/,https://scontent-ams4-1.cdninstagram.com/v/t51.2885-19/s150x150/72277639_561075451120261_7832557013891547136_n.jpg?_nc_ht=scontent-ams4-1.cdninstagram.com&_nc_ohc=R6WDNC5t36oAX9r08Wu&oh=15c8861909f15672060b908c9e220311&oe=5E9041F6,,1.79E+16
"Dec 24th 2019, 9:45:50 am",@superrisu,brunchbunnyy,5845449352,https://www.instagram.com/brunchbunnyy/,https://scontent-ams4-1.cdninstagram.com/v/t51.2885-19/s150x150/20635398_790266691152422_6412800461178404864_a.jpg?_nc_ht=scontent-ams4-1.cdninstagram.com&_nc_ohc=yXEJQByMIC4AX8G4cFe&oh=16425a209c6e9b1c58285229bd9a1a20&oe=5EB102A3,,1.81E+16
"Dec 24th 2019, 9:45:54 am",@mindingmaiself,brunchbunnyy,5845449352,https://www.instagram.com/brunchbunnyy/,https://scontent-ams4-1.cdninstagram.com/v/t51.2885-19/s150x150/20635398_790266691152422_6412800461178404864_a.jpg?_nc_ht=scontent-ams4-1.cdninstagram.com&_nc_ohc=yXEJQByMIC4AX8G4cFe&oh=16425a209c6e9b1c58285229bd9a1a20&oe=5EB102A3,,1.81E+16
"Dec 24th 2019, 9:45:58 am",@kevinwyc,brunchbunnyy,5845449352,https://www.instagram.com/brunchbunnyy/,https://scontent-ams4-1.cdninstagram.com/v/t51.2885-19/s150x150/20635398_790266691152422_6412800461178404864_a.jpg?_nc_ht=scontent-ams4-1.cdninstagram.com&_nc_ohc=yXEJQByMIC4AX8G4cFe&oh=16425a209c6e9b1c58285229bd9a1a20&oe=5EB102A3,,1.79E+16
"Dec 24th 2019, 9:46:01 am",@rachsngco,brunchbunnyy,5845449352,https://www.instagram.com/brunchbunnyy/,https://scontent-ams4-1.cdninstagram.com/v/t51.2885-19/s150x150/20635398_790266691152422_6412800461178404864_a.jpg?_nc_ht=scontent-ams4-1.cdninstagram.com&_nc_ohc=yXEJQByMIC4AX8G4cFe&oh=16425a209c6e9b1c58285229bd9a1a20&oe=5EB102A3,,1.78E+16
"Dec 24th 2019, 10:55:23 am",@theunknownblank,haiivicky,1176233553,https://www.instagram.com/haiivicky/,https://scontent-ams4-1.cdninstagram.com/v/t51.2885-19/s150x150/79149361_2400053630259070_3907571051311136768_n.jpg?_nc_ht=scontent-ams4-1.cdninstagram.com&_nc_ohc=JGKUo-IAigsAX8JMhCb&oh=625263e4805e3e84c044f761eb92a608&oe=5E9F7926,,1.79E+16
"Dec 24th 2019, 10:55:28 am",@bunnn.yy,haiivicky,1176233553,https://www.instagram.com/haiivicky/,https://scontent-ams4-1.cdninstagram.com/v/t51.2885-19/s150x150/79149361_2400053630259070_3907571051311136768_n.jpg?_nc_ht=scontent-ams4-1.cdninstagram.com&_nc_ohc=JGKUo-IAigsAX8JMhCb&oh=625263e4805e3e84c044f761eb92a608&oe=5E9F7926,,1.79E+16
"Dec 24th 2019, 10:55:32 am",@o.eva1999,haiivicky,1176233553,https://www.instagram.com/haiivicky/,https://scontent-ams4-1.cdninstagram.com/v/t51.2885-19/s150x150/79149361_2400053630259070_3907571051311136768_n.jpg?_nc_ht=scontent-ams4-1.cdninstagram.com&_nc_ohc=JGKUo-IAigsAX8JMhCb&oh=625263e4805e3e84c044f761eb92a608&oe=5E9F7926,,1.79E+16
"Dec 24th 2019, 10:55:41 am",@sakuragrl,haiivicky,1176233553,https://www.instagram.com/haiivicky/,https://scontent-ams4-1.cdninstagram.com/v/t51.2885-19/s150x150/79149361_2400053630259070_3907571051311136768_n.jpg?_nc_ht=scontent-ams4-1.cdninstagram.com&_nc_ohc=JGKUo-IAigsAX8JMhCb&oh=625263e4805e3e84c044f761eb92a608&oe=5E9F7926,,1.80E+16
"Dec 21st 2019, 7:50:29 am",@wingypoops,mylife_glass_half_full,22166770,https://www.instagram.com/mylife_glass_half_full/,https://scontent-ams4-1.cdninstagram.com/v/t51.2885-19/10666242_537652006364001_529275804_a.jpg?_nc_ht=scontent-ams4-1.cdninstagram.com&_nc_ohc=mG8w0cIuooMAX_y7zWL&oh=c15c6ee5745cd013629e222b1cd2c555&oe=5EA83CBD,,1.80E+16
"Dec 21st 2019, 7:50:33 am",@sah_brie_na,mylife_glass_half_full,22166770,https://www.instagram.com/mylife_glass_half_full/,https://scontent-ams4-1.cdninstagram.com/v/t51.2885-19/10666242_537652006364001_529275804_a.jpg?_nc_ht=scontent-ams4-1.cdninstagram.com&_nc_ohc=mG8w0cIuooMAX_y7zWL&oh=c15c6ee5745cd013629e222b1cd2c555&oe=5EA83CBD,,1.79E+16
"Dec 21st 2019, 7:50:42 am",@truffleandtoast_,mylife_glass_half_full,22166770,https://www.instagram.com/mylife_glass_half_full/,https://scontent-ams4-1.cdninstagram.com/v/t51.2885-19/10666242_537652006364001_529275804_a.jpg?_nc_ht=scontent-ams4-1.cdninstagram.com&_nc_ohc=mG8w0cIuooMAX_y7zWL&oh=c15c6ee5745cd013629e222b1cd2c555&oe=5EA83CBD,,1.79E+16
"Dec 21st 2019, 7:50:45 am",@kingkeneatss,mylife_glass_half_full,22166770,https://www.instagram.com/mylife_glass_half_full/,https://scontent-ams4-1.cdninstagram.com/v/t51.2885-19/10666242_537652006364001_529275804_a.jpg?_nc_ht=scontent-ams4-1.cdninstagram.com&_nc_ohc=mG8w0cIuooMAX_y7zWL&oh=c15c6ee5745cd013629e222b1cd2c555&oe=5EA83CBD,,1.79E+16
"Dec 21st 2019, 7:51:40 am",@melcheeats,mylife_glass_half_full,22166770,https://www.instagram.com/mylife_glass_half_full/,https://scontent-ams4-1.cdninstagram.com/v/t51.2885-19/10666242_537652006364001_529275804_a.jpg?_nc_ht=scontent-ams4-1.cdninstagram.com&_nc_ohc=mG8w0cIuooMAX_y7zWL&oh=c15c6ee5745cd013629e222b1cd2c555&oe=5EA83CBD,,1.79E+16
"Dec 21st 2019, 7:51:44 am",@maryls_c,mylife_glass_half_full,22166770,https://www.instagram.com/mylife_glass_half_full/,https://scontent-ams4-1.cdninstagram.com/v/t51.2885-19/10666242_537652006364001_529275804_a.jpg?_nc_ht=scontent-ams4-1.cdninstagram.com&_nc_ohc=mG8w0cIuooMAX_y7zWL&oh=c15c6ee5745cd013629e222b1cd2c555&oe=5EA83CBD,,1.79E+16
"Dec 21st 2019, 7:51:47 am",@luffluff19,mylife_glass_half_full,22166770,https://www.instagram.com/mylife_glass_half_full/,https://scontent-ams4-1.cdninstagram.com/v/t51.2885-19/10666242_537652006364001_529275804_a.jpg?_nc_ht=scontent-ams4-1.cdninstagram.com&_nc_ohc=mG8w0cIuooMAX_y7zWL&oh=c15c6ee5745cd013629e222b1cd2c555&oe=5EA83CBD,,1.81E+16
"Dec 21st 2019, 7:53:04 am",@reenee_eats,mylife_glass_half_full,22166770,https://www.instagram.com/mylife_glass_half_full/,https://scontent-ams4-1.cdninstagram.com/v/t51.2885-19/10666242_537652006364001_529275804_a.jpg?_nc_ht=scontent-ams4-1.cdninstagram.com&_nc_ohc=mG8w0cIuooMAX_y7zWL&oh=c15c6ee5745cd013629e222b1cd2c555&oe=5EA83CBD,,1.79E+16
"Dec 21st 2019, 7:53:10 am",@eatsescapades,mylife_glass_half_full,22166770,https://www.instagram.com/mylife_glass_half_full/,https://scontent-ams4-1.cdninstagram.com/v/t51.2885-19/10666242_537652006364001_529275804_a.jpg?_nc_ht=scontent-ams4-1.cdninstagram.com&_nc_ohc=mG8w0cIuooMAX_y7zWL&oh=c15c6ee5745cd013629e222b1cd2c555&oe=5EA83CBD,,1.79E+16
"Dec 21st 2019, 7:53:34 am",@servedinlondon,mylife_glass_half_full,22166770,https://www.instagram.com/mylife_glass_half_full/,https://scontent-ams4-1.cdninstagram.com/v/t51.2885-19/10666242_537652006364001_529275804_a.jpg?_nc_ht=scontent-ams4-1.cdninstagram.com&_nc_ohc=mG8w0cIuooMAX_y7zWL&oh=c15c6ee5745cd013629e222b1cd2c555&oe=5EA83CBD,,1.81E+16
"Dec 21st 2019, 7:53:42 am",@fooddates,mylife_glass_half_full,22166770,https://www.instagram.com/mylife_glass_half_full/,https://scontent-ams4-1.cdninstagram.com/v/t51.2885-19/10666242_537652006364001_529275804_a.jpg?_nc_ht=scontent-ams4-1.cdninstagram.com&_nc_ohc=mG8w0cIuooMAX_y7zWL&oh=c15c6ee5745cd013629e222b1cd2c555&oe=5EA83CBD,,1.79E+16
"Dec 21st 2019, 7:53:48 am",@_iamchi,mylife_glass_half_full,22166770,https://www.instagram.com/mylife_glass_half_full/,https://scontent-ams4-1.cdninstagram.com/v/t51.2885-19/10666242_537652006364001_529275804_a.jpg?_nc_ht=scontent-ams4-1.cdninstagram.com&_nc_ohc=mG8w0cIuooMAX_y7zWL&oh=c15c6ee5745cd013629e222b1cd2c555&oe=5EA83CBD,,1.79E+16
"Dec 21st 2019, 7:54:32 am",@kity_bozic,mylife_glass_half_full,22166770,https://www.instagram.com/mylife_glass_half_full/,https://scontent-ams4-1.cdninstagram.com/v/t51.2885-19/10666242_537652006364001_529275804_a.jpg?_nc_ht=scontent-ams4-1.cdninstagram.com&_nc_ohc=mG8w0cIuooMAX_y7zWL&oh=c15c6ee5745cd013629e222b1cd2c555&oe=5EA83CBD,,1.81E+16
"Dec 21st 2019, 7:54:37 am",@thedutchessoflondon,mylife_glass_half_full,22166770,https://www.instagram.com/mylife_glass_half_full/,https://scontent-ams4-1.cdninstagram.com/v/t51.2885-19/10666242_537652006364001_529275804_a.jpg?_nc_ht=scontent-ams4-1.cdninstagram.com&_nc_ohc=mG8w0cIuooMAX_y7zWL&oh=c15c6ee5745cd013629e222b1cd2c555&oe=5EA83CBD,,1.79E+16
"Dec 21st 2019, 7:54:40 am",@tasty.thyme,mylife_glass_half_full,22166770,https://www.instagram.com/mylife_glass_half_full/,https://scontent-ams4-1.cdninstagram.com/v/t51.2885-19/10666242_537652006364001_529275804_a.jpg?_nc_ht=scontent-ams4-1.cdninstagram.com&_nc_ohc=mG8w0cIuooMAX_y7zWL&oh=c15c6ee5745cd013629e222b1cd2c555&oe=5EA83CBD,,1.78E+16
"Dec 21st 2019, 7:54:48 am",@ladywhobrunches,mylife_glass_half_full,22166770,https://www.instagram.com/mylife_glass_half_full/,https://scontent-ams4-1.cdninstagram.com/v/t51.2885-19/10666242_537652006364001_529275804_a.jpg?_nc_ht=scontent-ams4-1.cdninstagram.com&_nc_ohc=mG8w0cIuooMAX_y7zWL&oh=c15c6ee5745cd013629e222b1cd2c555&oe=5EA83CBD,,1.81E+16
"Dec 21st 2019, 7:54:56 am",@cansuongel,mylife_glass_half_full,22166770,https://www.instagram.com/mylife_glass_half_full/,https://scontent-ams4-1.cdninstagram.com/v/t51.2885-19/10666242_537652006364001_529275804_a.jpg?_nc_ht=scontent-ams4-1.cdninstagram.com&_nc_ohc=mG8w0cIuooMAX_y7zWL&oh=c15c6ee5745cd013629e222b1cd2c555&oe=5EA83CBD,,1.79E+16
"Dec 21st 2019, 7:55:06 am",@crystxl_eats,mylife_glass_half_full,22166770,https://www.instagram.com/mylife_glass_half_full/,https://scontent-ams4-1.cdninstagram.com/v/t51.2885-19/10666242_537652006364001_529275804_a.jpg?_nc_ht=scontent-ams4-1.cdninstagram.com&_nc_ohc=mG8w0cIuooMAX_y7zWL&oh=c15c6ee5745cd013629e222b1cd2c555&oe=5EA83CBD,,1.79E+16
"Dec 21st 2019, 8:14:13 am",@theblackvoyager,cgvong,2044291380,https://www.instagram.com/cgvong/,https://scontent-ams4-1.cdninstagram.com/v/t51.2885-19/s150x150/66818289_2096596790635171_1320184637967826944_n.jpg?_nc_ht=scontent-ams4-1.cdninstagram.com&_nc_ohc=4QEfk0yLqwsAX-Lc9Ou&oh=79372d6025061686431c4f58e3dbc267&oe=5E964B16,,1.79E+16
"Dec 21st 2019, 8:14:21 am",@thegreedypanda,cgvong,2044291380,https://www.instagram.com/cgvong/,https://scontent-ams4-1.cdninstagram.com/v/t51.2885-19/s150x150/66818289_2096596790635171_1320184637967826944_n.jpg?_nc_ht=scontent-ams4-1.cdninstagram.com&_nc_ohc=4QEfk0yLqwsAX-Lc9Ou&oh=79372d6025061686431c4f58e3dbc267&oe=5E964B16,,1.79E+16
"Dec 21st 2019, 8:14:37 am",@anh_vong,cgvong,2044291380,https://www.instagram.com/cgvong/,https://scontent-ams4-1.cdninstagram.com/v/t51.2885-19/s150x150/66818289_2096596790635171_1320184637967826944_n.jpg?_nc_ht=scontent-ams4-1.cdninstagram.com&_nc_ohc=4QEfk0yLqwsAX-Lc9Ou&oh=79372d6025061686431c4f58e3dbc267&oe=5E964B16,,1.79E+16
"Dec 21st 2019, 8:14:42 am",@nicholasheung,cgvong,2044291380,https://www.instagram.com/cgvong/,https://scontent-ams4-1.cdninstagram.com/v/t51.2885-19/s150x150/66818289_2096596790635171_1320184637967826944_n.jpg?_nc_ht=scontent-ams4-1.cdninstagram.com&_nc_ohc=4QEfk0yLqwsAX-Lc9Ou&oh=79372d6025061686431c4f58e3dbc267&oe=5E964B16,,1.79E+16
"Dec 21st 2019, 8:14:46 am",@aarti_k_k,cgvong,2044291380,https://www.instagram.com/cgvong/,https://scontent-ams4-1.cdninstagram.com/v/t51.2885-19/s150x150/66818289_2096596790635171_1320184637967826944_n.jpg?_nc_ht=scontent-ams4-1.cdninstagram.com&_nc_ohc=4QEfk0yLqwsAX-Lc9Ou&oh=79372d6025061686431c4f58e3dbc267&oe=5E964B16,,1.80E+16
"Dec 21st 2019, 8:14:53 am",@tendie_mam,cgvong,2044291380,https://www.instagram.com/cgvong/,https://scontent-ams4-1.cdninstagram.com/v/t51.2885-19/s150x150/66818289_2096596790635171_1320184637967826944_n.jpg?_nc_ht=scontent-ams4-1.cdninstagram.com&_nc_ohc=4QEfk0yLqwsAX-Lc9Ou&oh=79372d6025061686431c4f58e3dbc267&oe=5E964B16,,1.78E+16
"Dec 21st 2019, 8:14:59 am",@ecowarriorstribe,cgvong,2044291380,https://www.instagram.com/cgvong/,https://scontent-ams4-1.cdninstagram.com/v/t51.2885-19/s150x150/66818289_2096596790635171_1320184637967826944_n.jpg?_nc_ht=scontent-ams4-1.cdninstagram.com&_nc_ohc=4QEfk0yLqwsAX-Lc9Ou&oh=79372d6025061686431c4f58e3dbc267&oe=5E964B16,,1.79E+16
"Dec 21st 2019, 8:15:10 am",@elayadi1111x,cgvong,2044291380,https://www.instagram.com/cgvong/,https://scontent-ams4-1.cdninstagram.com/v/t51.2885-19/s150x150/66818289_2096596790635171_1320184637967826944_n.jpg?_nc_ht=scontent-ams4-1.cdninstagram.com&_nc_ohc=4QEfk0yLqwsAX-Lc9Ou&oh=79372d6025061686431c4f58e3dbc267&oe=5E964B16,,1.81E+16
"Dec 21st 2019, 8:15:32 am",@olirahman88,cgvong,2044291380,https://www.instagram.com/cgvong/,https://scontent-ams4-1.cdninstagram.com/v/t51.2885-19/s150x150/66818289_2096596790635171_1320184637967826944_n.jpg?_nc_ht=scontent-ams4-1.cdninstagram.com&_nc_ohc=4QEfk0yLqwsAX-Lc9Ou&oh=79372d6025061686431c4f58e3dbc267&oe=5E964B16,,1.79E+16
"Dec 21st 2019, 8:21:17 am",@mylife_glass_half_full,chanelnelll,23702116,https://www.instagram.com/chanelnelll/,https://scontent-ams4-1.cdninstagram.com/v/t51.2885-19/s150x150/66145575_512080769579230_6268115382481977344_n.jpg?_nc_ht=scontent-ams4-1.cdninstagram.com&_nc_ohc=jxObRsy_uNcAX_oDx8U&oh=0cf518b02c8cf6ec7e3d2af1b07a6f3c&oe=5E966324,,1.79E+16
"Dec 21st 2019, 8:21:22 am",@cen.soreship,chanelnelll,23702116,https://www.instagram.com/chanelnelll/,https://scontent-ams4-1.cdninstagram.com/v/t51.2885-19/s150x150/66145575_512080769579230_6268115382481977344_n.jpg?_nc_ht=scontent-ams4-1.cdninstagram.com&_nc_ohc=jxObRsy_uNcAX_oDx8U&oh=0cf518b02c8cf6ec7e3d2af1b07a6f3c&oe=5E966324,,1.81E+16
"Dec 21st 2019, 8:21:29 am",@shannmariano,chanelnelll,23702116,https://www.instagram.com/chanelnelll/,https://scontent-ams4-1.cdninstagram.com/v/t51.2885-19/s150x150/66145575_512080769579230_6268115382481977344_n.jpg?_nc_ht=scontent-ams4-1.cdninstagram.com&_nc_ohc=jxObRsy_uNcAX_oDx8U&oh=0cf518b02c8cf6ec7e3d2af1b07a6f3c&oe=5E966324,,1.81E+16
"Dec 21st 2019, 8:21:36 am",@jonn_la,chanelnelll,23702116,https://www.instagram.com/chanelnelll/,https://scontent-ams4-1.cdninstagram.com/v/t51.2885-19/s150x150/66145575_512080769579230_6268115382481977344_n.jpg?_nc_ht=scontent-ams4-1.cdninstagram.com&_nc_ohc=jxObRsy_uNcAX_oDx8U&oh=0cf518b02c8cf6ec7e3d2af1b07a6f3c&oe=5E966324,,1.81E+16
"Dec 21st 2019, 8:21:41 am",@aaron_la368,chanelnelll,23702116,https://www.instagram.com/chanelnelll/,https://scontent-ams4-1.cdninstagram.com/v/t51.2885-19/s150x150/66145575_512080769579230_6268115382481977344_n.jpg?_nc_ht=scontent-ams4-1.cdninstagram.com&_nc_ohc=jxObRsy_uNcAX_oDx8U&oh=0cf518b02c8cf6ec7e3d2af1b07a6f3c&oe=5E966324,,1.79E+16
"Dec 21st 2019, 8:27:05 am",@cgvong,thegreedypanda,3656428930,https://www.instagram.com/thegreedypanda/,https://scontent-ams4-1.cdninstagram.com/v/t51.2885-19/s150x150/17662828_1404697982927583_8759656057267027968_a.jpg?_nc_ht=scontent-ams4-1.cdninstagram.com&_nc_ohc=63HegnpcIrwAX-Y5EKv&oh=623a82e068485e58d65fd94ee941c3db&oe=5EB435BB,,1.80E+16
"Dec 21st 2019, 8:32:43 am",@mylife_glass_half_full,cen.soreship,244294730,https://www.instagram.com/cen.soreship/,https://scontent-ams4-1.cdninstagram.com/v/t51.2885-19/s150x150/67415656_448717205723482_6347155382162423808_n.jpg?_nc_ht=scontent-ams4-1.cdninstagram.com&_nc_ohc=qgwQkfBzEScAX9joAAC&oh=ef008759de6ebe93b4db196fdb1fde74&oe=5E97C0AA,,1.78E+16
"Dec 21st 2019, 8:32:46 am",@chanelnelll,cen.soreship,244294730,https://www.instagram.com/cen.soreship/,https://scontent-ams4-1.cdninstagram.com/v/t51.2885-19/s150x150/67415656_448717205723482_6347155382162423808_n.jpg?_nc_ht=scontent-ams4-1.cdninstagram.com&_nc_ohc=qgwQkfBzEScAX9joAAC&oh=ef008759de6ebe93b4db196fdb1fde74&oe=5E97C0AA,,1.79E+16
"Dec 21st 2019, 8:32:50 am",@feed.wing,cen.soreship,244294730,https://www.instagram.com/cen.soreship/,https://scontent-ams4-1.cdninstagram.com/v/t51.2885-19/s150x150/67415656_448717205723482_6347155382162423808_n.jpg?_nc_ht=scontent-ams4-1.cdninstagram.com&_nc_ohc=qgwQkfBzEScAX9joAAC&oh=ef008759de6ebe93b4db196fdb1fde74&oe=5E97C0AA,,1.79E+16
"Dec 21st 2019, 8:32:55 am",@taecieeee,cen.soreship,244294730,https://www.instagram.com/cen.soreship/,https://scontent-ams4-1.cdninstagram.com/v/t51.2885-19/s150x150/67415656_448717205723482_6347155382162423808_n.jpg?_nc_ht=scontent-ams4-1.cdninstagram.com&_nc_ohc=qgwQkfBzEScAX9joAAC&oh=ef008759de6ebe93b4db196fdb1fde74&oe=5E97C0AA,,1.78E+16
"Dec 21st 2019, 8:32:58 am",@kingkeneatss,cen.soreship,244294730,https://www.instagram.com/cen.soreship/,https://scontent-ams4-1.cdninstagram.com/v/t51.2885-19/s150x150/67415656_448717205723482_6347155382162423808_n.jpg?_nc_ht=scontent-ams4-1.cdninstagram.com&_nc_ohc=qgwQkfBzEScAX9joAAC&oh=ef008759de6ebe93b4db196fdb1fde74&oe=5E97C0AA,,1.81E+16
"Dec 21st 2019, 8:33:02 am",@foodie_hubby,cen.soreship,244294730,https://www.instagram.com/cen.soreship/,https://scontent-ams4-1.cdninstagram.com/v/t51.2885-19/s150x150/67415656_448717205723482_6347155382162423808_n.jpg?_nc_ht=scontent-ams4-1.cdninstagram.com&_nc_ohc=qgwQkfBzEScAX9joAAC&oh=ef008759de6ebe93b4db196fdb1fde74&oe=5E97C0AA,,1.80E+16
"Dec 21st 2019, 8:41:42 am",@cgvong,aarti_k_k,424577251,https://www.instagram.com/aarti_k_k/,https://scontent-ams4-1.cdninstagram.com/v/t51.2885-19/s150x150/59866154_462364844568182_7851943486948376576_n.jpg?_nc_ht=scontent-ams4-1.cdninstagram.com&_nc_ohc=DwWfYpmNk7kAX8wxCBd&oh=a0ba97a8a3e95a1ef7c051adfe77b937&oe=5EAD4224,,1.81E+16
"Dec 21st 2019, 9:04:57 am",@cgvong oh my loooord! Let’s go,olirahman88,274680295,https://www.instagram.com/olirahman88/,https://scontent-ams4-1.cdninstagram.com/v/t51.2885-19/s150x150/74970739_749455885569930_1548504708581163008_n.jpg?_nc_ht=scontent-ams4-1.cdninstagram.com&_nc_ohc=O7Ro8HV5fqMAX-W3sYo&oh=608b8812c031e1b3b040420066a22cde&oe=5E8DBD88,,1.79E+16
"Dec 21st 2019, 9:33:31 am",@jojoexplora,lovepopupslondon,1378222958,https://www.instagram.com/lovepopupslondon/,https://scontent-ams4-1.cdninstagram.com/v/t51.2885-19/s150x150/73446501_2600261543530075_8968719182447247360_n.jpg?_nc_ht=scontent-ams4-1.cdninstagram.com&_nc_ohc=ZZKUaLHKTCoAX8-EzcS&oh=955eb67f31ce38435ad13e410295cfae&oe=5EB024C5,,1.79E+16
"Dec 21st 2019, 9:33:35 am",@jasonmort007,lovepopupslondon,1378222958,https://www.instagram.com/lovepopupslondon/,https://scontent-ams4-1.cdninstagram.com/v/t51.2885-19/s150x150/73446501_2600261543530075_8968719182447247360_n.jpg?_nc_ht=scontent-ams4-1.cdninstagram.com&_nc_ohc=ZZKUaLHKTCoAX8-EzcS&oh=955eb67f31ce38435ad13e410295cfae&oe=5EB024C5,,1.79E+16
"Dec 21st 2019, 9:33:41 am",@neverfearnew,lovepopupslondon,1378222958,https://www.instagram.com/lovepopupslondon/,https://scontent-ams4-1.cdninstagram.com/v/t51.2885-19/s150x150/73446501_2600261543530075_8968719182447247360_n.jpg?_nc_ht=scontent-ams4-1.cdninstagram.com&_nc_ohc=ZZKUaLHKTCoAX8-EzcS&oh=955eb67f31ce38435ad13e410295cfae&oe=5EB024C5,,1.79E+16
"Dec 21st 2019, 9:33:49 am",@yellowshoesorangeumbrella,lovepopupslondon,1378222958,https://www.instagram.com/lovepopupslondon/,https://scontent-ams4-1.cdninstagram.com/v/t51.2885-19/s150x150/73446501_2600261543530075_8968719182447247360_n.jpg?_nc_ht=scontent-ams4-1.cdninstagram.com&_nc_ohc=ZZKUaLHKTCoAX8-EzcS&oh=955eb67f31ce38435ad13e410295cfae&oe=5EB024C5,,1.79E+16
"Dec 21st 2019, 9:33:54 am",@meenaloves,lovepopupslondon,1378222958,https://www.instagram.com/lovepopupslondon/,https://scontent-ams4-1.cdninstagram.com/v/t51.2885-19/s150x150/73446501_2600261543530075_8968719182447247360_n.jpg?_nc_ht=scontent-ams4-1.cdninstagram.com&_nc_ohc=ZZKUaLHKTCoAX8-EzcS&oh=955eb67f31ce38435ad13e410295cfae&oe=5EB024C5,,1.81E+16
"Dec 20th 2019, 11:44:32 am",@_allucaneat_,foodie_jam,6883540518,https://www.instagram.com/foodie_jam/,https://scontent-ams4-1.cdninstagram.com/v/t51.2885-19/s150x150/42837459_297941501044691_6050174667275108352_n.jpg?_nc_ht=scontent-ams4-1.cdninstagram.com&_nc_ohc=HDdtK3inP68AX-zGf9q&oh=666ca1f01e8a1a14ca8d28abb71f2363&oe=5E98CF1A,,1.81E+16
"Dec 20th 2019, 11:44:39 am",@jennie_eats,foodie_jam,6883540518,https://www.instagram.com/foodie_jam/,https://scontent-ams4-1.cdninstagram.com/v/t51.2885-19/s150x150/42837459_297941501044691_6050174667275108352_n.jpg?_nc_ht=scontent-ams4-1.cdninstagram.com&_nc_ohc=HDdtK3inP68AX-zGf9q&oh=666ca1f01e8a1a14ca8d28abb71f2363&oe=5E98CF1A,,1.80E+16
"Dec 20th 2019, 11:45:19 am",@foodie_jam Wow the food looks great there!,catcchino,231802826,https://www.instagram.com/catcchino/,https://scontent-ams4-1.cdninstagram.com/v/t51.2885-19/s150x150/35129866_139434426859474_7398381557372682240_n.jpg?_nc_ht=scontent-ams4-1.cdninstagram.com&_nc_ohc=L8gP8QQdLM0AX-EGF2-&oh=7a35867a5980624ad1874819314800e6&oe=5E918177,,1.79E+16
"Dec 20th 2019, 11:51:03 am",@londonlovebite,foodie_jam,6883540518,https://www.instagram.com/foodie_jam/,https://scontent-ams4-1.cdninstagram.com/v/t51.2885-19/s150x150/42837459_297941501044691_6050174667275108352_n.jpg?_nc_ht=scontent-ams4-1.cdninstagram.com&_nc_ohc=HDdtK3inP68AX-zGf9q&oh=666ca1f01e8a1a14ca8d28abb71f2363&oe=5E98CF1A,,1.81E+16
"Dec 20th 2019, 11:51:05 am",@mylife_glass_half_full,foodie_jam,6883540518,https://www.instagram.com/foodie_jam/,https://scontent-ams4-1.cdninstagram.com/v/t51.2885-19/s150x150/42837459_297941501044691_6050174667275108352_n.jpg?_nc_ht=scontent-ams4-1.cdninstagram.com&_nc_ohc=HDdtK3inP68AX-zGf9q&oh=666ca1f01e8a1a14ca8d28abb71f2363&oe=5E98CF1A,,1.79E+16
"Dec 20th 2019, 11:51:07 am",@missionselfhappiness,foodie_jam,6883540518,https://www.instagram.com/foodie_jam/,https://scontent-ams4-1.cdninstagram.com/v/t51.2885-19/s150x150/42837459_297941501044691_6050174667275108352_n.jpg?_nc_ht=scontent-ams4-1.cdninstagram.com&_nc_ohc=HDdtK3inP68AX-zGf9q&oh=666ca1f01e8a1a14ca8d28abb71f2363&oe=5E98CF1A,,1.79E+16
"Dec 20th 2019, 12:36:57 pm",@chotipagli,jarmilalamplotova,23103261410,https://www.instagram.com/jarmilalamplotova/,https://scontent-ams4-1.cdninstagram.com/v/t51.2885-19/s150x150/73427522_779634559146529_2746632908641927168_n.jpg?_nc_ht=scontent-ams4-1.cdninstagram.com&_nc_ohc=-x4jeBRSZ_8AX9D6j7r&oh=c5896047455091141d69dba37fa1aad4&oe=5EADAE0B,,1.79E+16
"Dec 20th 2019, 12:46:19 pm",@catcchino ya jiggly pancakes,foodie_jam,6883540518,https://www.instagram.com/foodie_jam/,https://scontent-ams4-1.cdninstagram.com/v/t51.2885-19/s150x150/42837459_297941501044691_6050174667275108352_n.jpg?_nc_ht=scontent-ams4-1.cdninstagram.com&_nc_ohc=HDdtK3inP68AX-zGf9q&oh=666ca1f01e8a1a14ca8d28abb71f2363&oe=5E98CF1A,,1.79E+16
"Dec 20th 2019, 12:47:57 pm",@lucy.sutcliffe,d.an.ya,287049781,https://www.instagram.com/d.an.ya/,https://scontent-ams4-1.cdninstagram.com/v/t51.2885-19/s150x150/11353481_1049079335110914_147483400_a.jpg?_nc_ht=scontent-ams4-1.cdninstagram.com&_nc_ohc=LKMIMiiADOwAX8v2LSM&oh=34ee9f40b92122bfae7852bb4b92f725&oe=5E8D8AAA,,1.79E+16
"Dec 20th 2019, 12:48:09 pm",@hazel_shearing,d.an.ya,287049781,https://www.instagram.com/d.an.ya/,https://scontent-ams4-1.cdninstagram.com/v/t51.2885-19/s150x150/11353481_1049079335110914_147483400_a.jpg?_nc_ht=scontent-ams4-1.cdninstagram.com&_nc_ohc=LKMIMiiADOwAX8v2LSM&oh=34ee9f40b92122bfae7852bb4b92f725&oe=5E8D8AAA,,1.79E+16
"Dec 20th 2019, 12:52:54 pm",@hazel_shearing,lucy.sutcliffe,1592967377,https://www.instagram.com/lucy.sutcliffe/,https://scontent-ams4-1.cdninstagram.com/v/t51.2885-19/10832198_759392044152979_698577760_a.jpg?_nc_ht=scontent-ams4-1.cdninstagram.com&_nc_ohc=pzFWC7LQcoYAX8v4CAA&oh=734d80b97d8fd22770ba66684b22124d&oe=5E9B5F25,,1.79E+16
"Dec 20th 2019, 12:52:57 pm",@d.an.ya,lucy.sutcliffe,1592967377,https://www.instagram.com/lucy.sutcliffe/,https://scontent-ams4-1.cdninstagram.com/v/t51.2885-19/10832198_759392044152979_698577760_a.jpg?_nc_ht=scontent-ams4-1.cdninstagram.com&_nc_ohc=pzFWC7LQcoYAX8v4CAA&oh=734d80b97d8fd22770ba66684b22124d&oe=5E9B5F25,,1.79E+16
"Dec 20th 2019, 12:53:00 pm",@rowannewillett,lucy.sutcliffe,1592967377,https://www.instagram.com/lucy.sutcliffe/,https://scontent-ams4-1.cdninstagram.com/v/t51.2885-19/10832198_759392044152979_698577760_a.jpg?_nc_ht=scontent-ams4-1.cdninstagram.com&_nc_ohc=pzFWC7LQcoYAX8v4CAA&oh=734d80b97d8fd22770ba66684b22124d&oe=5E9B5F25,,1.79E+16
"Dec 20th 2019, 12:56:15 pm",@foodie_jam I haven't tried them before :o Let's have them some time,catcchino,231802826,https://www.instagram.com/catcchino/,https://scontent-ams4-1.cdninstagram.com/v/t51.2885-19/s150x150/35129866_139434426859474_7398381557372682240_n.jpg?_nc_ht=scontent-ams4-1.cdninstagram.com&_nc_ohc=L8gP8QQdLM0AX-EGF2-&oh=7a35867a5980624ad1874819314800e6&oe=5E918177,,1.81E+16
"Dec 20th 2019, 1:17:55 pm",@shariqmanji,mamunoor_roshid,21067495,https://www.instagram.com/mamunoor_roshid/,https://scontent-ams4-1.cdninstagram.com/v/t51.2885-19/s150x150/57034835_2286208704931674_5884498988186468352_n.jpg?_nc_ht=scontent-ams4-1.cdninstagram.com&_nc_ohc=4vb-4Jx1oIwAX8VQ4GI&oh=d73f52bbce8a09fa820917f25a1edd21&oe=5E963D73,,1.79E+16
"Dec 20th 2019, 1:45:25 pm",@foodie_jam,missionselfhappiness,8316129417,https://www.instagram.com/missionselfhappiness/,https://scontent-ams4-1.cdninstagram.com/v/t51.2885-19/s150x150/47582926_217455942517807_3361255819759845376_n.jpg?_nc_ht=scontent-ams4-1.cdninstagram.com&_nc_ohc=RMq6YheGKOUAX9DYcYr&oh=3d125b7a48a6232f2126b21c06416797&oe=5E99D2D5,,1.81E+16
"Dec 20th 2019, 3:42:38 pm",@cathyeats_ omg yess,h0ng.bui,55161225,https://www.instagram.com/h0ng.bui/,https://scontent-ams4-1.cdninstagram.com/v/t51.2885-19/s150x150/46234038_2191128134287216_2687177998485946368_n.jpg?_nc_ht=scontent-ams4-1.cdninstagram.com&_nc_ohc=0Pw6-aodcbwAX-iB1az&oh=69154a6f225707bbd5775dc3bd262ac9&oe=5EAB759D,,1.78E+16
"Dec 20th 2019, 3:49:09 pm",@theonlyfrancis nice dessert place,puisi_lee,27960761,https://www.instagram.com/puisi_lee/,https://scontent-ams4-1.cdninstagram.com/v/t51.2885-19/s150x150/68764777_595536430978175_5681610750372610048_n.jpg?_nc_ht=scontent-ams4-1.cdninstagram.com&_nc_ohc=686R7_aH_2sAX-AA9pt&oh=bf08202d28cccf43414af35f14a9aa3b&oe=5EAA8EAC,,1.78E+16
"Dec 20th 2019, 3:49:39 pm",@carbspholife,lilo.and.dish,5936635658,https://www.instagram.com/lilo.and.dish/,https://scontent-ams4-1.cdninstagram.com/v/t51.2885-19/s150x150/21147340_111003579594549_3459498519436460032_a.jpg?_nc_ht=scontent-ams4-1.cdninstagram.com&_nc_ohc=XKxf3_ax5RsAX--EsAt&oh=7ff535699d2ac7ab85d464e41c42017e&oe=5EAEF41C,,1.79E+16
"Dec 20th 2019, 3:49:42 pm",@ansonwongux,lilo.and.dish,5936635658,https://www.instagram.com/lilo.and.dish/,https://scontent-ams4-1.cdninstagram.com/v/t51.2885-19/s150x150/21147340_111003579594549_3459498519436460032_a.jpg?_nc_ht=scontent-ams4-1.cdninstagram.com&_nc_ohc=XKxf3_ax5RsAX--EsAt&oh=7ff535699d2ac7ab85d464e41c42017e&oe=5EAEF41C,,1.78E+16
"Dec 20th 2019, 3:49:45 pm",@ansonwongac,lilo.and.dish,5936635658,https://www.instagram.com/lilo.and.dish/,https://scontent-ams4-1.cdninstagram.com/v/t51.2885-19/s150x150/21147340_111003579594549_3459498519436460032_a.jpg?_nc_ht=scontent-ams4-1.cdninstagram.com&_nc_ohc=XKxf3_ax5RsAX--EsAt&oh=7ff535699d2ac7ab85d464e41c42017e&oe=5EAEF41C,,1.79E+16
"Dec 20th 2019, 3:49:51 pm",@Steph.tml,lilo.and.dish,5936635658,https://www.instagram.com/lilo.and.dish/,https://scontent-ams4-1.cdninstagram.com/v/t51.2885-19/s150x150/21147340_111003579594549_3459498519436460032_a.jpg?_nc_ht=scontent-ams4-1.cdninstagram.com&_nc_ohc=XKxf3_ax5RsAX--EsAt&oh=7ff535699d2ac7ab85d464e41c42017e&oe=5EAEF41C,,1.81E+16
"Dec 20th 2019, 3:49:53 pm",@steven1234,lilo.and.dish,5936635658,https://www.instagram.com/lilo.and.dish/,https://scontent-ams4-1.cdninstagram.com/v/t51.2885-19/s150x150/21147340_111003579594549_3459498519436460032_a.jpg?_nc_ht=scontent-ams4-1.cdninstagram.com&_nc_ohc=XKxf3_ax5RsAX--EsAt&oh=7ff535699d2ac7ab85d464e41c42017e&oe=5EAEF41C,,1.78E+16
"Dec 20th 2019, 3:49:59 pm",@stevenlo1234,lilo.and.dish,5936635658,https://www.instagram.com/lilo.and.dish/,https://scontent-ams4-1.cdninstagram.com/v/t51.2885-19/s150x150/21147340_111003579594549_3459498519436460032_a.jpg?_nc_ht=scontent-ams4-1.cdninstagram.com&_nc_ohc=XKxf3_ax5RsAX--EsAt&oh=7ff535699d2ac7ab85d464e41c42017e&oe=5EAEF41C,,1.79E+16
"Dec 20th 2019, 3:50:38 pm",@tracytang2016,lilo.and.dish,5936635658,https://www.instagram.com/lilo.and.dish/,https://scontent-ams4-1.cdninstagram.com/v/t51.2885-19/s150x150/21147340_111003579594549_3459498519436460032_a.jpg?_nc_ht=scontent-ams4-1.cdninstagram.com&_nc_ohc=XKxf3_ax5RsAX--EsAt&oh=7ff535699d2ac7ab85d464e41c42017e&oe=5EAEF41C,,1.81E+16
"Dec 20th 2019, 3:50:44 pm",@tracytang9438,lilo.and.dish,5936635658,https://www.instagram.com/lilo.and.dish/,https://scontent-ams4-1.cdninstagram.com/v/t51.2885-19/s150x150/21147340_111003579594549_3459498519436460032_a.jpg?_nc_ht=scontent-ams4-1.cdninstagram.com&_nc_ohc=XKxf3_ax5RsAX--EsAt&oh=7ff535699d2ac7ab85d464e41c42017e&oe=5EAEF41C,,1.79E+16
"Dec 20th 2019, 4:22:31 pm",@itomtomfood,puisi_lee,27960761,https://www.instagram.com/puisi_lee/,https://scontent-ams4-1.cdninstagram.com/v/t51.2885-19/s150x150/68764777_595536430978175_5681610750372610048_n.jpg?_nc_ht=scontent-ams4-1.cdninstagram.com&_nc_ohc=686R7_aH_2sAX-AA9pt&oh=bf08202d28cccf43414af35f14a9aa3b&oe=5EAA8EAC,,1.81E+16
"Dec 20th 2019, 5:59:54 pm",@90foodie,discoverwithouidad,11827867819,https://www.instagram.com/discoverwithouidad/,https://scontent-ams4-1.cdninstagram.com/v/t51.2885-19/s150x150/66336820_2491427800917193_721670749017866240_n.jpg?_nc_ht=scontent-ams4-1.cdninstagram.com&_nc_ohc=I0AQc0efn9EAX_oJUsu&oh=542280e5f94f3c24126df68da40decc7&oe=5E9F18D2,,1.79E+16
"Dec 20th 2019, 6:00:04 pm",@fatimaaa_x,discoverwithouidad,11827867819,https://www.instagram.com/discoverwithouidad/,https://scontent-ams4-1.cdninstagram.com/v/t51.2885-19/s150x150/66336820_2491427800917193_721670749017866240_n.jpg?_nc_ht=scontent-ams4-1.cdninstagram.com&_nc_ohc=I0AQc0efn9EAX_oJUsu&oh=542280e5f94f3c24126df68da40decc7&oe=5E9F18D2,,1.79E+16
"Dec 20th 2019, 6:00:37 pm",@lilofoodie,discoverwithouidad,11827867819,https://www.instagram.com/discoverwithouidad/,https://scontent-ams4-1.cdninstagram.com/v/t51.2885-19/s150x150/66336820_2491427800917193_721670749017866240_n.jpg?_nc_ht=scontent-ams4-1.cdninstagram.com&_nc_ohc=I0AQc0efn9EAX_oJUsu&oh=542280e5f94f3c24126df68da40decc7&oe=5E9F18D2,,1.81E+16
"Dec 20th 2019, 6:00:41 pm",@datesndmates,discoverwithouidad,11827867819,https://www.instagram.com/discoverwithouidad/,https://scontent-ams4-1.cdninstagram.com/v/t51.2885-19/s150x150/66336820_2491427800917193_721670749017866240_n.jpg?_nc_ht=scontent-ams4-1.cdninstagram.com&_nc_ohc=I0AQc0efn9EAX_oJUsu&oh=542280e5f94f3c24126df68da40decc7&oe=5E9F18D2,,1.79E+16
"Dec 21st 2019, 5:59:39 am",@nnkones,eatwithmels,44707834,https://www.instagram.com/eatwithmels/,https://scontent-ams4-1.cdninstagram.com/v/t51.2885-19/s150x150/76860594_455622418432771_5668951686454968320_n.jpg?_nc_ht=scontent-ams4-1.cdninstagram.com&_nc_ohc=1Hz_v6v8PhUAX_xUJNG&oh=2f87411d329b6d468b118f24e29a9ba5&oe=5E90AFB1,,1.79E+16
"Dec 21st 2019, 5:59:47 am",@yat_fai,eatwithmels,44707834,https://www.instagram.com/eatwithmels/,https://scontent-ams4-1.cdninstagram.com/v/t51.2885-19/s150x150/76860594_455622418432771_5668951686454968320_n.jpg?_nc_ht=scontent-ams4-1.cdninstagram.com&_nc_ohc=1Hz_v6v8PhUAX_xUJNG&oh=2f87411d329b6d468b118f24e29a9ba5&oe=5E90AFB1,,1.80E+16
"Dec 21st 2019, 5:59:52 am",@bangingbites,eatwithmels,44707834,https://www.instagram.com/eatwithmels/,https://scontent-ams4-1.cdninstagram.com/v/t51.2885-19/s150x150/76860594_455622418432771_5668951686454968320_n.jpg?_nc_ht=scontent-ams4-1.cdninstagram.com&_nc_ohc=1Hz_v6v8PhUAX_xUJNG&oh=2f87411d329b6d468b118f24e29a9ba5&oe=5E90AFB1,,1.79E+16
"Dec 21st 2019, 6:00:00 am",@thefrugalepicurean,eatwithmels,44707834,https://www.instagram.com/eatwithmels/,https://scontent-ams4-1.cdninstagram.com/v/t51.2885-19/s150x150/76860594_455622418432771_5668951686454968320_n.jpg?_nc_ht=scontent-ams4-1.cdninstagram.com&_nc_ohc=1Hz_v6v8PhUAX_xUJNG&oh=2f87411d329b6d468b118f24e29a9ba5&oe=5E90AFB1,,1.80E+16
"Dec 21st 2019, 6:46:18 am",@eatwithmels,yat_fai,267993223,https://www.instagram.com/yat_fai/,https://scontent-ams4-1.cdninstagram.com/v/t51.2885-19/s150x150/71120007_527361434693894_651658817838252032_n.jpg?_nc_ht=scontent-ams4-1.cdninstagram.com&_nc_ohc=llTU8tL_nGMAX997O_N&oh=d006638fb3e87178abe030be42018b17&oe=5EA3D266,,1.79E+16
"Dec 21st 2019, 7:48:19 am",@foodie_jam,mylife_glass_half_full,22166770,https://www.instagram.com/mylife_glass_half_full/,https://scontent-ams4-1.cdninstagram.com/v/t51.2885-19/10666242_537652006364001_529275804_a.jpg?_nc_ht=scontent-ams4-1.cdninstagram.com&_nc_ohc=mG8w0cIuooMAX_y7zWL&oh=c15c6ee5745cd013629e222b1cd2c555&oe=5EA83CBD,,1.81E+16
"Dec 21st 2019, 7:48:21 am",@simoof,mylife_glass_half_full,22166770,https://www.instagram.com/mylife_glass_half_full/,https://scontent-ams4-1.cdninstagram.com/v/t51.2885-19/10666242_537652006364001_529275804_a.jpg?_nc_ht=scontent-ams4-1.cdninstagram.com&_nc_ohc=mG8w0cIuooMAX_y7zWL&oh=c15c6ee5745cd013629e222b1cd2c555&oe=5EA83CBD,,1.81E+16
"Dec 21st 2019, 7:48:25 am",@cen.soreship,mylife_glass_half_full,22166770,https://www.instagram.com/mylife_glass_half_full/,https://scontent-ams4-1.cdninstagram.com/v/t51.2885-19/10666242_537652006364001_529275804_a.jpg?_nc_ht=scontent-ams4-1.cdninstagram.com&_nc_ohc=mG8w0cIuooMAX_y7zWL&oh=c15c6ee5745cd013629e222b1cd2c555&oe=5EA83CBD,,1.78E+16
"Dec 21st 2019, 7:48:28 am",@chanelnelll,mylife_glass_half_full,22166770,https://www.instagram.com/mylife_glass_half_full/,https://scontent-ams4-1.cdninstagram.com/v/t51.2885-19/10666242_537652006364001_529275804_a.jpg?_nc_ht=scontent-ams4-1.cdninstagram.com&_nc_ohc=mG8w0cIuooMAX_y7zWL&oh=c15c6ee5745cd013629e222b1cd2c555&oe=5EA83CBD,,1.78E+16
"Dec 20th 2019, 10:36:48 am",@h0ng.bui lol maybe we could go again,cathyeats_,6875553410,https://www.instagram.com/cathyeats_/,https://scontent-ams4-1.cdninstagram.com/v/t51.2885-19/s150x150/56605141_427245184517253_2421230118824312832_n.jpg?_nc_ht=scontent-ams4-1.cdninstagram.com&_nc_ohc=0a1MeGvDhzMAX-CBcJ7&oh=379b8cc42df2cb8be2e172c1c7fe5d46&oe=5EB0664D,,1.81E+16
"Dec 20th 2019, 10:36:51 am",@from_dc_2_london,cathyeats_,6875553410,https://www.instagram.com/cathyeats_/,https://scontent-ams4-1.cdninstagram.com/v/t51.2885-19/s150x150/56605141_427245184517253_2421230118824312832_n.jpg?_nc_ht=scontent-ams4-1.cdninstagram.com&_nc_ohc=0a1MeGvDhzMAX-CBcJ7&oh=379b8cc42df2cb8be2e172c1c7fe5d46&oe=5EB0664D,,1.81E+16
"Dec 20th 2019, 10:36:56 am",@londonfoodie.simba,cathyeats_,6875553410,https://www.instagram.com/cathyeats_/,https://scontent-ams4-1.cdninstagram.com/v/t51.2885-19/s150x150/56605141_427245184517253_2421230118824312832_n.jpg?_nc_ht=scontent-ams4-1.cdninstagram.com&_nc_ohc=0a1MeGvDhzMAX-CBcJ7&oh=379b8cc42df2cb8be2e172c1c7fe5d46&oe=5EB0664D,,1.79E+16
"Dec 20th 2019, 10:36:59 am",@flavorofphilly,cathyeats_,6875553410,https://www.instagram.com/cathyeats_/,https://scontent-ams4-1.cdninstagram.com/v/t51.2885-19/s150x150/56605141_427245184517253_2421230118824312832_n.jpg?_nc_ht=scontent-ams4-1.cdninstagram.com&_nc_ohc=0a1MeGvDhzMAX-CBcJ7&oh=379b8cc42df2cb8be2e172c1c7fe5d46&oe=5EB0664D,,1.79E+16
"Dec 20th 2019, 10:37:03 am",@stayhungrayy,cathyeats_,6875553410,https://www.instagram.com/cathyeats_/,https://scontent-ams4-1.cdninstagram.com/v/t51.2885-19/s150x150/56605141_427245184517253_2421230118824312832_n.jpg?_nc_ht=scontent-ams4-1.cdninstagram.com&_nc_ohc=0a1MeGvDhzMAX-CBcJ7&oh=379b8cc42df2cb8be2e172c1c7fe5d46&oe=5EB0664D,,1.79E+16
"Dec 20th 2019, 10:37:10 am",@tip_included,cathyeats_,6875553410,https://www.instagram.com/cathyeats_/,https://scontent-ams4-1.cdninstagram.com/v/t51.2885-19/s150x150/56605141_427245184517253_2421230118824312832_n.jpg?_nc_ht=scontent-ams4-1.cdninstagram.com&_nc_ohc=0a1MeGvDhzMAX-CBcJ7&oh=379b8cc42df2cb8be2e172c1c7fe5d46&oe=5EB0664D,,1.80E+16
"Dec 20th 2019, 10:41:05 am",@josie_c1,m0llyf0rrest,13039242,https://www.instagram.com/m0llyf0rrest/,https://scontent-ams4-1.cdninstagram.com/v/t51.2885-19/s150x150/49522042_1969272079808620_8945331431958118400_n.jpg?_nc_ht=scontent-ams4-1.cdninstagram.com&_nc_ohc=RGmeE4Edn0MAX_l4m74&oh=93d417c60cc558e84163c5fcd2ebd445&oe=5EA988A6,,1.80E+16
"Dec 20th 2019, 10:41:06 am",@georgespearsdunn,m0llyf0rrest,13039242,https://www.instagram.com/m0llyf0rrest/,https://scontent-ams4-1.cdninstagram.com/v/t51.2885-19/s150x150/49522042_1969272079808620_8945331431958118400_n.jpg?_nc_ht=scontent-ams4-1.cdninstagram.com&_nc_ohc=RGmeE4Edn0MAX_l4m74&oh=93d417c60cc558e84163c5fcd2ebd445&oe=5EA988A6,,1.80E+16
"Dec 20th 2019, 10:43:39 am",@itomtomfood,szeleekuek,505196712,https://www.instagram.com/szeleekuek/,https://scontent-ams4-1.cdninstagram.com/v/t51.2885-19/s150x150/26320957_780999768753715_2315202099433963520_n.jpg?_nc_ht=scontent-ams4-1.cdninstagram.com&_nc_ohc=jAYCrOiofAsAX_DYBH5&oh=9c3a4ba4f9efbe5c704562c310fd71b5&oe=5EA4B919,,1.81E+16
"Dec 20th 2019, 10:47:18 am",@cgvong,theblackvoyager,254151812,https://www.instagram.com/theblackvoyager/,https://scontent-ams4-1.cdninstagram.com/v/t51.2885-19/s150x150/68895411_385021645497074_1383847675476049920_n.jpg?_nc_ht=scontent-ams4-1.cdninstagram.com&_nc_ohc=9XZOT6VGMBUAX85g2QK&oh=bd1c8465545be684f44661ce38d5de9a&oe=5E99E347,,1.81E+16
"Dec 20th 2019, 10:48:47 am",@itomtomfood we must get this lmaooooo,theblackvoyager,254151812,https://www.instagram.com/theblackvoyager/,https://scontent-ams4-1.cdninstagram.com/v/t51.2885-19/s150x150/68895411_385021645497074_1383847675476049920_n.jpg?_nc_ht=scontent-ams4-1.cdninstagram.com&_nc_ohc=9XZOT6VGMBUAX85g2QK&oh=bd1c8465545be684f44661ce38d5de9a&oe=5E99E347,,1.78E+16
"Dec 20th 2019, 11:14:24 am",@itomtomfood,missionselfhappiness,8316129417,https://www.instagram.com/missionselfhappiness/,https://scontent-ams4-1.cdninstagram.com/v/t51.2885-19/s150x150/47582926_217455942517807_3361255819759845376_n.jpg?_nc_ht=scontent-ams4-1.cdninstagram.com&_nc_ohc=RMq6YheGKOUAX9DYcYr&oh=3d125b7a48a6232f2126b21c06416797&oe=5E99D2D5,,1.81E+16
"Dec 20th 2019, 11:14:30 am",@thejclondon,missionselfhappiness,8316129417,https://www.instagram.com/missionselfhappiness/,https://scontent-ams4-1.cdninstagram.com/v/t51.2885-19/s150x150/47582926_217455942517807_3361255819759845376_n.jpg?_nc_ht=scontent-ams4-1.cdninstagram.com&_nc_ohc=RMq6YheGKOUAX9DYcYr&oh=3d125b7a48a6232f2126b21c06416797&oe=5E99D2D5,,1.81E+16
"Dec 20th 2019, 11:14:35 am",@suidkwan,missionselfhappiness,8316129417,https://www.instagram.com/missionselfhappiness/,https://scontent-ams4-1.cdninstagram.com/v/t51.2885-19/s150x150/47582926_217455942517807_3361255819759845376_n.jpg?_nc_ht=scontent-ams4-1.cdninstagram.com&_nc_ohc=RMq6YheGKOUAX9DYcYr&oh=3d125b7a48a6232f2126b21c06416797&oe=5E99D2D5,,1.79E+16
"Dec 20th 2019, 11:14:45 am",@cathyeats_,missionselfhappiness,8316129417,https://www.instagram.com/missionselfhappiness/,https://scontent-ams4-1.cdninstagram.com/v/t51.2885-19/s150x150/47582926_217455942517807_3361255819759845376_n.jpg?_nc_ht=scontent-ams4-1.cdninstagram.com&_nc_ohc=RMq6YheGKOUAX9DYcYr&oh=3d125b7a48a6232f2126b21c06416797&oe=5E99D2D5,,1.81E+16
"Dec 20th 2019, 11:44:15 am",@catcchino,foodie_jam,6883540518,https://www.instagram.com/foodie_jam/,https://scontent-ams4-1.cdninstagram.com/v/t51.2885-19/s150x150/42837459_297941501044691_6050174667275108352_n.jpg?_nc_ht=scontent-ams4-1.cdninstagram.com&_nc_ohc=HDdtK3inP68AX-zGf9q&oh=666ca1f01e8a1a14ca8d28abb71f2363&oe=5E98CF1A,,1.79E+16
"Dec 20th 2019, 11:44:24 am",@chocolatebear_eats,foodie_jam,6883540518,https://www.instagram.com/foodie_jam/,https://scontent-ams4-1.cdninstagram.com/v/t51.2885-19/s150x150/42837459_297941501044691_6050174667275108352_n.jpg?_nc_ht=scontent-ams4-1.cdninstagram.com&_nc_ohc=HDdtK3inP68AX-zGf9q&oh=666ca1f01e8a1a14ca8d28abb71f2363&oe=5E98CF1A,,1.80E+16
